timestamp_utc,market,strategy_action,risk_action,approved,reason,signal_strength,spread_pct,tick_interval_ms,candidates_last_minute
2019-12-01T01:31:59.501000+00:00,BTC-EUR,CANDIDATE_TRADE,BLOCKED,False,invalid_protected_exit_value,0.0000674311,0.0156274418,1801.0000000000,0
2019-12-01T01:32:25.619000+00:00,BTC-EUR,CANDIDATE_TRADE,BLOCKED,False,invalid_protected_exit_value,0.0000453916,0.0107154338,500.0000000000,0
2019-12-01T01:34:13.695000+00:00,BTC-EUR,CANDIDATE_TRADE,BLOCKED,False,invalid_protected_exit_value,0.0001669323,0.0022321927,1902.0000000000,0
2019-12-01T01:38:05.868000+00:00,BTC-EUR,CANDIDATE_TRADE,BLOCKED,False,invalid_protected_exit_value,0.0001656100,0.0156274418,1001.0000000000,0
2019-12-01T01:38:20.878000+00:00,BTC-EUR,CANDIDATE_TRADE,BLOCKED,False,invalid_protected_exit_value,0.0003416373,0.0016369316,1801.0000000000,0
2019-12-01T01:39:02.006000+00:00,BTC-EUR,CANDIDATE_TRADE,BLOCKED,False,invalid_protected_exit_value,0.0001521177,0.0147343135,1000.0000000000,0
2019-12-01T02:25:11.754000+00:00,BTC-EUR,CANDIDATE_TRADE,BLOCKED,False,invalid_protected_exit_value,0.0004450336,0.0004444464,1901.0000000000,0
2019-12-01T02:25:21.861000+00:00,BTC-EUR,CANDIDATE_TRADE,BLOCKED,False,invalid_protected_exit_value,0.0005676507,0.0128905503,700.0000000000,0
2019-12-01T05:56:45.690000+00:00,BTC-EUR,CANDIDATE_TRADE,BLOCKED,False,invalid_protected_exit_value,0.0000707150,0.0103907056,900.0000000000,0
2019-12-01T05:56:54.696000+00:00,BTC-EUR,CANDIDATE_TRADE,BLOCKED,False,invalid_protected_exit_value,0.0000033881,0.0081316729,900.0000000000,0
2019-12-01T09:04:59.508000+00:00,BTC-EUR,CANDIDATE_TRADE,BLOCKED,False,invalid_protected_exit_value,0.0001067434,0.0111534473,1001.0000000000,0
2019-12-01T10:00:22.321000+00:00,BTC-EUR,CANDIDATE_TRADE,BLOCKED,False,invalid_protected_exit_value,0.0001418021,0.0136609766,400.0000000000,0
2019-12-01T10:27:26.650000+00:00,BTC-EUR,CANDIDATE_TRADE,BLOCKED,False,invalid_protected_exit_value,0.0001190080,0.0088289254,1901.0000000000,0
2019-12-01T11:01:07.973000+00:00,BTC-EUR,CANDIDATE_TRADE,BLOCKED,False,invalid_protected_exit_value,0.0006427638,0.0184970546,300.0000000000,0
2019-12-01T12:33:06.490000+00:00,BTC-EUR,CANDIDATE_TRADE,BLOCKED,False,invalid_protected_exit_value,0.0000335120,0.0037398389,1301.0000000000,0
2019-12-01T12:33:07.191000+00:00,BTC-EUR,CANDIDATE_TRADE,BLOCKED,False,invalid_protected_exit_value,0.0000329884,0.0037398389,701.0000000000,0
2019-12-01T13:10:54.777000+00:00,BTC-EUR,CANDIDATE_TRADE,BLOCKED,False,invalid_protected_exit_value,0.0001578573,0.0187287908,601.0000000000,0
2019-12-01T15:41:07.966000+00:00,BTC-EUR,CANDIDATE_TRADE,BLOCKED,False,invalid_protected_exit_value,0.0002122157,0.0099707826,1101.0000000000,0
2019-12-01T15:41:09.767000+00:00,BTC-EUR,CANDIDATE_TRADE,BLOCKED,False,invalid_protected_exit_value,0.0000641408,0.0099707826,1801.0000000000,0
2019-12-01T15:41:22.776000+00:00,BTC-EUR,CANDIDATE_TRADE,BLOCKED,False,invalid_protected_exit_value,0.0005717880,0.0016568136,1701.0000000000,0
2019-12-01T15:41:23.076000+00:00,BTC-EUR,CANDIDATE_TRADE,BLOCKED,False,invalid_protected_exit_value,0.0004300919,0.0159656588,300.0000000000,0
2019-12-01T19:53:53.450000+00:00,BTC-EUR,CANDIDATE_TRADE,BLOCKED,False,invalid_protected_exit_value,0.0003475171,0.0110866904,1201.0000000000,0
2019-12-01T19:53:54.050000+00:00,BTC-EUR,CANDIDATE_TRADE,BLOCKED,False,invalid_protected_exit_value,0.0001697579,0.0110866904,600.0000000000,0
2019-12-01T20:02:35.314000+00:00,BTC-EUR,CANDIDATE_TRADE,BLOCKED,False,invalid_protected_exit_value,0.0001070761,0.0068914374,1901.0000000000,0
2019-12-01T20:15:29.754000+00:00,BTC-EUR,CANDIDATE_TRADE,BLOCKED,False,invalid_protected_exit_value,0.0002192273,0.0164613241,1901.0000000000,0
2019-12-01T20:25:26.459000+00:00,BTC-EUR,CANDIDATE_TRADE,BLOCKED,False,invalid_protected_exit_value,0.0009996971,0.0138873334,600.0000000000,0
2019-12-01T22:09:43.995000+00:00,BTC-EUR,CANDIDATE_TRADE,BLOCKED,False,invalid_protected_exit_value,0.0002462700,0.0011865915,1101.0000000000,0
2019-12-01T22:09:44.896000+00:00,BTC-EUR,CANDIDATE_TRADE,BLOCKED,False,invalid_protected_exit_value,0.0002462700,0.0011865915,901.0000000000,0
2019-12-01T01:31:59.501000+00:00,BTC-EUR,CANDIDATE_TRADE,BLOCKED,False,invalid_protected_exit_value,0.0000674311,0.0156274418,1801.0000000000,0
2019-12-01T01:32:25.619000+00:00,BTC-EUR,CANDIDATE_TRADE,BLOCKED,False,invalid_protected_exit_value,0.0000453916,0.0107154338,500.0000000000,0
2019-12-01T01:34:13.695000+00:00,BTC-EUR,CANDIDATE_TRADE,BLOCKED,False,invalid_protected_exit_value,0.0001669323,0.0022321927,1902.0000000000,0
2019-12-01T01:38:05.868000+00:00,BTC-EUR,CANDIDATE_TRADE,BLOCKED,False,invalid_protected_exit_value,0.0001656100,0.0156274418,1001.0000000000,0
2019-12-01T01:38:20.878000+00:00,BTC-EUR,CANDIDATE_TRADE,BLOCKED,False,invalid_protected_exit_value,0.0003416373,0.0016369316,1801.0000000000,0
2019-12-01T01:39:02.006000+00:00,BTC-EUR,CANDIDATE_TRADE,BLOCKED,False,invalid_protected_exit_value,0.0001521177,0.0147343135,1000.0000000000,0
2019-12-01T02:25:11.754000+00:00,BTC-EUR,CANDIDATE_TRADE,BLOCKED,False,invalid_protected_exit_value,0.0004450336,0.0004444464,1901.0000000000,0
2019-12-01T02:25:21.861000+00:00,BTC-EUR,CANDIDATE_TRADE,BLOCKED,False,invalid_protected_exit_value,0.0005676507,0.0128905503,700.0000000000,0
2019-12-01T05:56:45.690000+00:00,BTC-EUR,CANDIDATE_TRADE,BLOCKED,False,invalid_protected_exit_value,0.0000707150,0.0103907056,900.0000000000,0
2019-12-01T05:56:54.696000+00:00,BTC-EUR,CANDIDATE_TRADE,BLOCKED,False,invalid_protected_exit_value,0.0000033881,0.0081316729,900.0000000000,0
2019-12-01T09:04:59.508000+00:00,BTC-EUR,CANDIDATE_TRADE,BLOCKED,False,invalid_protected_exit_value,0.0001067434,0.0111534473,1001.0000000000,0
2019-12-01T10:00:22.321000+00:00,BTC-EUR,CANDIDATE_TRADE,BLOCKED,False,invalid_protected_exit_value,0.0001418021,0.0136609766,400.0000000000,0
2019-12-01T10:27:26.650000+00:00,BTC-EUR,CANDIDATE_TRADE,BLOCKED,False,invalid_protected_exit_value,0.0001190080,0.0088289254,1901.0000000000,0
2019-12-01T11:01:07.973000+00:00,BTC-EUR,CANDIDATE_TRADE,BLOCKED,False,invalid_protected_exit_value,0.0006427638,0.0184970546,300.0000000000,0
2019-12-01T12:33:06.490000+00:00,BTC-EUR,CANDIDATE_TRADE,BLOCKED,False,invalid_protected_exit_value,0.0000335120,0.0037398389,1301.0000000000,0
2019-12-01T12:33:07.191000+00:00,BTC-EUR,CANDIDATE_TRADE,BLOCKED,False,invalid_protected_exit_value,0.0000329884,0.0037398389,701.0000000000,0
2019-12-01T13:10:54.777000+00:00,BTC-EUR,CANDIDATE_TRADE,BLOCKED,False,invalid_protected_exit_value,0.0001578573,0.0187287908,601.0000000000,0
2019-12-01T15:41:07.966000+00:00,BTC-EUR,CANDIDATE_TRADE,BLOCKED,False,invalid_protected_exit_value,0.0002122157,0.0099707826,1101.0000000000,0
2019-12-01T15:41:09.767000+00:00,BTC-EUR,CANDIDATE_TRADE,BLOCKED,False,invalid_protected_exit_value,0.0000641408,0.0099707826,1801.0000000000,0
2019-12-01T15:41:22.776000+00:00,BTC-EUR,CANDIDATE_TRADE,BLOCKED,False,invalid_protected_exit_value,0.0005717880,0.0016568136,1701.0000000000,0
2019-12-01T15:41:23.076000+00:00,BTC-EUR,CANDIDATE_TRADE,BLOCKED,False,invalid_protected_exit_value,0.0004300919,0.0159656588,300.0000000000,0
2019-12-01T19:53:53.450000+00:00,BTC-EUR,CANDIDATE_TRADE,BLOCKED,False,invalid_protected_exit_value,0.0003475171,0.0110866904,1201.0000000000,0
2019-12-01T19:53:54.050000+00:00,BTC-EUR,CANDIDATE_TRADE,BLOCKED,False,invalid_protected_exit_value,0.0001697579,0.0110866904,600.0000000000,0
2019-12-01T20:02:35.314000+00:00,BTC-EUR,CANDIDATE_TRADE,BLOCKED,False,invalid_protected_exit_value,0.0001070761,0.0068914374,1901.0000000000,0
2019-12-01T20:15:29.754000+00:00,BTC-EUR,CANDIDATE_TRADE,BLOCKED,False,invalid_protected_exit_value,0.0002192273,0.0164613241,1901.0000000000,0
2019-12-01T20:25:26.459000+00:00,BTC-EUR,CANDIDATE_TRADE,BLOCKED,False,invalid_protected_exit_value,0.0009996971,0.0138873334,600.0000000000,0
2019-12-01T22:09:43.995000+00:00,BTC-EUR,CANDIDATE_TRADE,BLOCKED,False,invalid_protected_exit_value,0.0002462700,0.0011865915,1101.0000000000,0
2019-12-01T22:09:44.896000+00:00,BTC-EUR,CANDIDATE_TRADE,BLOCKED,False,invalid_protected_exit_value,0.0002462700,0.0011865915,901.0000000000,0
